country	iso2c	iso3c	year	SP.DYN.LE00.IN
Africa Eastern and Southern	ZH	AFE	2020	63.3138559861117
Africa Western and Central	ZI	AFW	2020	57.2263727312399
Arab World	1A	ARB	2020	70.9233595872331
Caribbean small states	S3	CSS	2020	72.5748824441501
Central Europe and the Baltics	B8	CEB	2020	76.1440342769168
Early-demographic dividend	V2	EAR	2020	70.0301281204141
East Asia & Pacific	Z4	EAS	2020	76.7626813353234
East Asia & Pacific (excluding high income)	4E	EAP	2020	75.9362494445958
East Asia & Pacific (IDA & IBRD countries)	T4	TEA	2020	75.9691924258149
Euro area	XC	EMU	2020	81.537121911795
Europe & Central Asia	Z7	ECS	2020	77.0253239943765
Europe & Central Asia (excluding high income)	7E	ECA	2020	72.2596184664053
Europe & Central Asia (IDA & IBRD countries)	T7	TEC	2020	72.7508448722839
European Union	EU	EUU	2020	80.465036669156
Fragile and conflict affected situations	F1	FCS	2020	61.7595609879609
Heavily indebted poor countries (HIPC)	XE	HPC	2020	62.7617201814617
High income	XD		2020	80.2084048652925
IBRD only	XF	IBD	2020	73.3979357648895
IDA & IBRD total	ZT	IBT	2020	70.8255067290586
IDA blend	XH	IDB	2020	61.0047255204556
IDA only	XI	IDX	2020	64.8918250280166
IDA total	XG	IDA	2020	63.5890406286563
Late-demographic dividend	V3	LTE	2020	76.7250620203879
Latin America & Caribbean	ZJ	LCN	2020	73.0384092692938
Latin America & Caribbean (excluding high income)	XJ	LAC	2020	72.8303132346882
Latin America & the Caribbean (IDA & IBRD countries)	T2	TLA	2020	72.927970715721
Least developed countries: UN classification	XL	LDC	2020	64.6347427935938
Low & middle income	XO	LMY	2020	70.7661770667179
Low income	XM		2020	62.8704681172108
Lower middle income	XN		2020	68.6352093572576
Middle East & North Africa	ZQ	MEA	2020	72.9510790612141
Middle East & North Africa (excluding high income)	XQ	MNA	2020	72.1726969965726
Middle East & North Africa (IDA & IBRD countries)	T3	TMN	2020	72.1463761984205
Middle income	XP	MIC	2020	71.7095062005603
North America	XU	NAC	2020	77.7411628196422
OECD members	OE	OED	2020	79.0085241095494
Other small states	S4	OSS	2020	68.2501841188187
Pacific island small states	S2	PSS	2020	69.4706100655444
Post-demographic dividend	V4	PST	2020	80.1474817225743
Pre-demographic dividend	V1	PRE	2020	60.2495318388733
Small states	S1	SST	2020	69.0736465242542
South Asia	8S	SAS	2020	69.7483309161325
South Asia (IDA & IBRD)	T5	TSA	2020	69.7483309161325
Sub-Saharan Africa	ZG	SSF	2020	60.8488912524736
Sub-Saharan Africa (excluding high income)	ZF	SSA	2020	60.8474896190048
Sub-Saharan Africa (IDA & IBRD countries)	T6	TSS	2020	60.8488912524737
Upper middle income	XT		2020	75.845914916748
World	1W	WLD	2020	72.2650112702741
Afghanistan	AF	AFG	2020	62.575
Albania	AL	ALB	2020	76.989
Algeria	DZ	DZA	2020	74.453
Angola	AO	AGO	2020	62.261
Antigua and Barbuda	AG	ATG	2020	78.841
Argentina	AR	ARG	2020	75.892
Armenia	AM	ARM	2020	72.173
Aruba	AW	ABW	2020	75.723
Australia	AU	AUS	2020	83.2
Austria	AT	AUT	2020	81.1926829268293
Azerbaijan	AZ	AZE	2020	66.868
Bahamas, The	BS	BHS	2020	72.677
Bahrain	BH	BHR	2020	79.174
Bangladesh	BD	BGD	2020	71.968
Barbados	BB	BRB	2020	77.393
Belarus	BY	BLR	2020	74.2268292682927
Belgium	BE	BEL	2020	80.7951219512195
Belize	BZ	BLZ	2020	72.854
Benin	BJ	BEN	2020	60.088
Bermuda	BM	BMU	2020	82.0560975609756
Bhutan	BT	BTN	2020	71.609
Bolivia	BO	BOL	2020	64.467
Bosnia and Herzegovina	BA	BIH	2020	76.225
Botswana	BW	BWA	2020	65.647
Brazil	BR	BRA	2020	74.009
British Virgin Islands	VG	VGB	2020	75.849
Brunei Darussalam	BN	BRN	2020	74.795
Bulgaria	BG	BGR	2020	73.6073170731707
Burkina Faso	BF	BFA	2020	59.731
Burundi	BI	BDI	2020	61.566
Cabo Verde	CV	CPV	2020	74.808
Cambodia	KH	KHM	2020	70.416
Cameroon	CM	CMR	2020	60.833
Canada	CA	CAN	2020	81.7487804878049
Cayman Islands	KY	CYM	2010	82.190243902439
Central African Republic	CF	CAF	2020	54.604
Chad	TD	TCD	2020	52.777
Channel Islands	JG	CHI	2020	81.264
Chile	CL	CHL	2020	79.377
China	CN	CHN	2020	78.077
Colombia	CO	COL	2020	74.769
Comoros	KM	COM	2020	64.166
Congo, Dem. Rep.	CD	COD	2020	59.739
Congo, Rep.	CG	COG	2020	63.785
Costa Rica	CR	CRI	2020	79.277
Cote d'Ivoire	CI	CIV	2020	59.032
Croatia	HR	HRV	2020	77.7243902439024
Cuba	CU	CUB	2020	77.567
Curacao	CW	CUW	2017	78.0170731707317
Cyprus	CY	CYP	2020	81.391
Czechia	CZ	CZE	2020	78.2268292682927
Denmark	DK	DNK	2020	81.5512195121951
Djibouti	DJ	DJI	2020	62.694
Dominica	DM	DMA	2002	76.5975609756098
Dominican Republic	DO	DOM	2020	72.889
Ecuador	EC	ECU	2020	72.153
Egypt, Arab Rep.	EG	EGY	2020	70.99
El Salvador	SV	SLV	2020	71.061
Equatorial Guinea	GQ	GNQ	2020	60.708
Eritrea	ER	ERI	2020	67.133
Estonia	EE	EST	2020	78.3463414634146
Eswatini	SZ	SWZ	2020	59.692
Ethiopia	ET	ETH	2020	65.371
Faroe Islands	FO	FRO	2020	83.0926829268293
Fiji	FJ	FJI	2020	67.924
Finland	FI	FIN	2020	82.1317073170732
France	FR	FRA	2020	82.1756097560976
French Polynesia	PF	PYF	2020	82.217
Gabon	GA	GAB	2020	66.531
Gambia, The	GM	GMB	2020	62.612
Georgia	GE	GEO	2020	72.765
Germany	DE	DEU	2020	80.9414634146342
Ghana	GH	GHA	2020	64.114
Gibraltar	GI	GIB	2020	82.198
Greece	GR	GRC	2020	81.0878048780488
Greenland	GL	GRL	2020	71.4046341463415
Grenada	GD	GRD	2020	74.924
Guam	GU	GUM	2020	76.612
Guatemala	GT	GTM	2020	71.797
Guinea	GN	GIN	2020	59.327
Guinea-Bissau	GW	GNB	2020	59.999
Guyana	GY	GUY	2020	68.486
Haiti	HT	HTI	2020	64.052
Honduras	HN	HND	2020	71.462
Hong Kong SAR, China	HK	HKG	2020	85.3878048780488
Hungary	HU	HUN	2020	75.6170731707317
Iceland	IS	ISL	2020	83.0658536585366
India	IN	IND	2020	70.15
Indonesia	ID	IDN	2020	68.808
Iran, Islamic Rep.	IR	IRN	2020	74.832
Iraq	IQ	IRQ	2020	69.123
Ireland	IE	IRL	2020	82.2048780487805
Isle of Man	IM	IMN	2020	80.588
Israel	IL	ISR	2020	82.7
Italy	IT	ITA	2020	82.3439024390244
Jamaica	JM	JAM	2020	71.869
Japan	JP	JPN	2020	84.6156097560976
Jordan	JO	JOR	2020	75.184
Kazakhstan	KZ	KAZ	2020	71.37
Kenya	KE	KEN	2020	62.675
Kiribati	KI	KIR	2020	67.266
Korea, Dem. People's Rep.	KP	PRK	2020	73.274
Korea, Rep.	KR	KOR	2020	83.4268292682927
Kosovo	XK	XKX	2020	76.567
Kuwait	KW	KWT	2020	76.92
Kyrgyz Republic	KG	KGZ	2020	71.8
Lao PDR	LA	LAO	2020	68.497
Latvia	LV	LVA	2020	75.3878048780488
Lebanon	LB	LBN	2020	77.804
Lesotho	LS	LSO	2020	54.693
Liberia	LR	LBR	2020	60.948
Libya	LY	LBY	2020	72.472
Liechtenstein	LI	LIE	2020	81.8073170731707
Lithuania	LT	LTU	2020	74.9292682926829
Luxembourg	LU	LUX	2020	81.7414634146342
Macao SAR, China	MO	MAC	2020	85.184
Madagascar	MG	MDG	2020	65.182
Malawi	MW	MWI	2020	63.717
Malaysia	MY	MYS	2020	75.938
Maldives	MV	MDV	2020	79.875
Mali	ML	MLI	2020	58.633
Malta	MT	MLT	2020	82.6536585365854
Marshall Islands	MH	MHL	2000	65.2390243902439
Mauritania	MR	MRT	2020	64.532
Mauritius	MU	MUS	2020	74.1770731707317
Mexico	MX	MEX	2020	70.133
Micronesia, Fed. Sts.	FM	FSM	2020	70.674
Moldova	MD	MDA	2020	70.166
Mongolia	MN	MNG	2020	72.141
Montenegro	ME	MNE	2020	75.9317073170732
Morocco	MA	MAR	2020	73.92
Mozambique	MZ	MOZ	2020	61.172
Myanmar	MM	MMR	2020	66.797
Namibia	NA	NAM	2020	62.829
Nepal	NP	NPL	2020	69.246
Netherlands	NL	NLD	2020	81.409756097561
New Caledonia	NC	NCL	2020	80.8349512195122
New Zealand	NZ	NZL	2020	82.0560975609756
Nicaragua	NI	NIC	2020	71.795
Niger	NE	NER	2020	61.451
Nigeria	NG	NGA	2020	52.887
North Macedonia	MK	MKD	2020	75.6931707317073
Norway	NO	NOR	2020	83.209756097561
Oman	OM	OMN	2020	74.757
Pakistan	PK	PAK	2020	66.269
Palau	PW	PLW	2005	69.1292682926829
Panama	PA	PAN	2020	76.657
Papua New Guinea	PG	PNG	2020	65.787
Paraguay	PY	PRY	2020	73.182
Peru	PE	PER	2020	73.665
Philippines	PH	PHL	2020	72.119
Poland	PL	POL	2020	76.6
Portugal	PT	PRT	2020	80.9756097560976
Puerto Rico	PR	PRI	2020	78.041
Qatar	QA	QAT	2020	79.099
Romania	RO	ROU	2020	74.3536585365854
Russian Federation	RU	RUS	2020	71.3387804878049
Rwanda	RW	RWA	2020	66.774
Samoa	WS	WSM	2020	72.768
Sao Tome and Principe	ST	STP	2020	67.785
Saudi Arabia	SA	SAU	2020	76.239
Senegal	SN	SEN	2020	68.006
Serbia	RS	SRB	2020	74.2292682926829
Seychelles	SC	SYC	2020	77.2365853658537
Sierra Leone	SL	SLE	2020	59.763
Singapore	SG	SGP	2020	83.7439024390244
Sint Maarten (Dutch part)	SX	SXM	2016	78.2926829268293
Slovak Republic	SK	SVK	2020	76.8658536585366
Slovenia	SI	SVN	2020	80.5317073170732
Solomon Islands	SB	SLB	2020	70.199
Somalia	SO	SOM	2020	55.967
South Africa	ZA	ZAF	2020	65.252
South Sudan	SS	SSD	2020	55.48
Spain	ES	ESP	2020	82.3341463414634
Sri Lanka	LK	LKA	2020	76.393
St. Kitts and Nevis	KN	KNA	2002	71.3365853658537
St. Lucia	LC	LCA	2020	73.416
St. Martin (French part)	MF	MAF	2020	80.149
St. Vincent and the Grenadines	VC	VCT	2020	72.126
Sudan	SD	SDN	2020	65.614
Suriname	SR	SUR	2020	72.561
Sweden	SE	SWE	2020	82.4073170731707
Switzerland	CH	CHE	2020	83.1
Syrian Arab Republic	SY	SYR	2020	72.14
Tajikistan	TJ	TJK	2020	67.994
Tanzania	TZ	TZA	2020	66.408
Thailand	TH	THA	2020	79.274
Timor-Leste	TL	TLS	2020	68.475
Togo	TG	TGO	2020	61.035
Tonga	TO	TON	2020	70.928
Trinidad and Tobago	TT	TTO	2020	74.406
Tunisia	TN	TUN	2020	75.292
Turkiye	TR	TUR	2020	75.85
Turkmenistan	TM	TKM	2020	68.687
Turks and Caicos Islands	TC	TCA	2020	75.001
Tuvalu	TV	TUV	2020	64.382
Uganda	UG	UGA	2020	62.851
Ukraine	UA	UKR	2020	71.1851219512195
United Arab Emirates	AE	ARE	2020	78.946
United Kingdom	GB	GBR	2020	80.9024390243903
United States	US	USA	2020	77.2804878048781
Uruguay	UY	URY	2020	78.43
Uzbekistan	UZ	UZB	2020	70.331
Vanuatu	VU	VUT	2020	70.299
Venezuela, RB	VE	VEN	2020	71.095
Vietnam	VN	VNM	2020	75.378
Virgin Islands (U.S.)	VI	VIR	2020	79.819512195122
West Bank and Gaza	PS	PSE	2020	74.403
Yemen, Rep.	YE	YEM	2020	64.65
Zambia	ZM	ZMB	2020	62.38
Zimbabwe	ZW	ZWE	2020	61.124
